Name,Symbol
360 ONE WAM Ltd.,360ONE
ABB India Ltd.,ABB
APL Apollo Tubes Ltd.,APLAPOLLO
AU Small Finance Bank Ltd.,AUBANK
Adani Energy Solutions Ltd.,ADANIENSOL
Adani Enterprises Ltd.,ADANIENT
Adani Green Energy Ltd.,ADANIGREEN
Adani Ports and Special Economic Zone Ltd.,ADANIPORTS
Adani Power Ltd.,ADANIPOWER
Adani Total Gas Ltd.,ATGL
Aditya Birla Capital Ltd.,ABCAPITAL
Ambuja Cements Ltd.,AMBUJACEM
Apar Industries Ltd.,APARINDS
Apollo Hospitals Enterprise Ltd.,APOLLOHOSP
Ashok Leyland Ltd.,ASHOKLEY
Asian Paints Ltd.,ASIANPAINT
Astral Ltd.,ASTRAL
Aurobindo Pharma Ltd.,AUROPHARMA
Avenue Supermarts Ltd.,DMART
Axis Bank Ltd.,AXISBANK
BSE Ltd.,BSE
Bajaj Auto Ltd.,BAJAJ-AUTO
Bajaj Finance Ltd.,BAJFINANCE
Bajaj Finserv Ltd.,BAJAJFINSV
Bajaj Holdings & Investment Ltd.,BAJAJHLDNG
Bank of Baroda,BANKBARODA
Bank of India,BANKINDIA
Bank of Maharashtra,MAHABANK
Bharat Dynamics Ltd.,BDL
Bharat Electronics Ltd.,BEL
Bharat Forge Ltd.,BHARATFORG
Bharat Heavy Electricals Ltd.,BHEL
Bharat Petroleum Corporation Ltd.,BPCL
Bharti Airtel Ltd.,BHARTIARTL
Billionbrains Garage Ventures Ltd.,GROWW
Biocon Ltd.,BIOCON
Blue Star Ltd.,BLUESTARCO
Bosch Ltd.,BOSCHLTD
Britannia Industries Ltd.,BRITANNIA
CG Power and Industrial Solutions Ltd.,CGPOWER
Canara Bank,CANBK
Cholamandalam Investment and Finance Company Ltd.,CHOLAFIN
Cipla Ltd.,CIPLA
Coal India Ltd.,COALINDIA
Cochin Shipyard Ltd.,COCHINSHIP
Coforge Ltd.,COFORGE
Colgate Palmolive (India) Ltd.,COLPAL
Container Corporation of India Ltd.,CONCOR
Cummins India Ltd.,CUMMINSIND
DLF Ltd.,DLF
Dabur India Ltd.,DABUR
Divi's Laboratories Ltd.,DIVISLAB
Dixon Technologies (India) Ltd.,DIXON
Dr. Reddy's Laboratories Ltd.,DRREDDY
Eicher Motors Ltd.,EICHERMOT
Eternal Ltd.,ETERNAL
Exide Industries Ltd.,EXIDEIND
FSN E-Commerce Ventures Ltd.,NYKAA
Federal Bank Ltd.,FEDERALBNK
Fortis Healthcare Ltd.,FORTIS
GAIL (India) Ltd.,GAIL
GE Vernova T&D India Ltd.,GVT&D
GMR Airports Ltd.,GMRAIRPORT
Glenmark Pharmaceuticals Ltd.,GLENMARK
Godfrey Phillips India Ltd.,GODFRYPHLP
Godrej Consumer Products Ltd.,GODREJCP
Godrej Properties Ltd.,GODREJPROP
Grasim Industries Ltd.,GRASIM
HCL Technologies Ltd.,HCLTECH
HDFC Asset Management Company Ltd.,HDFCAMC
HDFC Bank Ltd.,HDFCBANK
HDFC Life Insurance Company Ltd.,HDFCLIFE
Havells India Ltd.,HAVELLS
Hero MotoCorp Ltd.,HEROMOTOCO
Hindalco Industries Ltd.,HINDALCO
Hindustan Aeronautics Ltd.,HAL
Hindustan Copper Ltd.,HINDCOPPER
Hindustan Petroleum Corporation Ltd.,HINDPETRO
Hindustan Unilever Ltd.,HINDUNILVR
Hindustan Zinc Ltd.,HINDZINC
Hitachi Energy India Ltd.,POWERINDIA
Hyundai Motor India Ltd.,HYUNDAI
ICICI Bank Ltd.,ICICIBANK
ICICI Lombard General Insurance Company Ltd.,ICICIGI
ICICI Prudential Asset Management Company Ltd.,ICICIAMC
IDFC First Bank Ltd.,IDFCFIRSTB
ITC Ltd.,ITC
Indian Bank,INDIANB
Indian Hotels Co. Ltd.,INDHOTEL
Indian Oil Corporation Ltd.,IOC
Indian Railway Catering And Tourism Corporation Ltd.,IRCTC
Indian Railway Finance Corporation Ltd.,IRFC
Indian Renewable Energy Development Agency Ltd.,IREDA
Indus Towers Ltd.,INDUSTOWER
IndusInd Bank Ltd.,INDUSINDBK
Info Edge (India) Ltd.,NAUKRI
Infosys Ltd.,INFY
InterGlobe Aviation Ltd.,INDIGO
JSW Energy Ltd.,JSWENERGY
JSW Steel Ltd.,JSWSTEEL
Jindal Steel Ltd.,JINDALSTEL
Jio Financial Services Ltd.,JIOFIN
Jubilant Foodworks Ltd.,JUBLFOOD
KEI Industries Ltd.,KEI
Kalyan Jewellers India Ltd.,KALYANKJIL
Kotak Mahindra Bank Ltd.,KOTAKBANK
L&T Finance Ltd.,LTF
LG Electronics India Ltd.,LGEINDIA
LIC Housing Finance Ltd.,LICHSGFIN
LTM Ltd.,LTM
Larsen & Toubro Ltd.,LT
Laurus Labs Ltd.,LAURUSLABS
Lenskart Solutions Ltd.,LENSKART
Life Insurance Corporation of India,LICI
Lodha Developers Ltd.,LODHA
Lupin Ltd.,LUPIN
MRF Ltd.,MRF
Mahindra & Mahindra Financial Services Ltd.,M&MFIN
Mahindra & Mahindra Ltd.,M&M
Mankind Pharma Ltd.,MANKIND
Marico Ltd.,MARICO
Maruti Suzuki India Ltd.,MARUTI
Max Financial Services Ltd.,MFSL
Max Healthcare Institute Ltd.,MAXHEALTH
Mazagoan Dock Shipbuilders Ltd.,MAZDOCK
Meesho Ltd.,MEESHO
Motilal Oswal Financial Services Ltd.,MOTILALOFS
MphasiS Ltd.,MPHASIS
Multi Commodity Exchange of India Ltd.,MCX
Muthoot Finance Ltd.,MUTHOOTFIN
NHPC Ltd.,NHPC
NLC India Ltd.,NLCINDIA
NMDC Ltd.,NMDC
NTPC Ltd.,NTPC
National Aluminium Co. Ltd.,NATIONALUM
Nestle India Ltd.,NESTLEIND
Oberoi Realty Ltd.,OBEROIRLTY
Oil & Natural Gas Corporation Ltd.,ONGC
Oil India Ltd.,OIL
One 97 Communications Ltd.,PAYTM
Oracle Financial Services Software Ltd.,OFSS
PB Fintech Ltd.,POLICYBZR
PI Industries Ltd.,PIIND
Page Industries Ltd.,PAGEIND
Patanjali Foods Ltd.,PATANJALI
Persistent Systems Ltd.,PERSISTENT
Phoenix Mills Ltd.,PHOENIXLTD
Pidilite Industries Ltd.,PIDILITIND
Polycab India Ltd.,POLYCAB
Power Finance Corporation Ltd.,PFC
Power Grid Corporation of India Ltd.,POWERGRID
Premier Energies Ltd.,PREMIERENE
Prestige Estates Projects Ltd.,PRESTIGE
Punjab National Bank,PNB
REC Ltd.,RECLTD
Radico Khaitan Ltd,RADICO
Rail Vikas Nigam Ltd.,RVNL
Reliance Industries Ltd.,RELIANCE
SBI Cards and Payment Services Ltd.,SBICARD
SBI Life Insurance Company Ltd.,SBILIFE
SRF Ltd.,SRF
Samvardhana Motherson International Ltd.,MOTHERSON
Shriram Finance Ltd.,SHRIRAMFIN
Siemens Energy India Ltd.,ENRIN
Siemens Ltd.,SIEMENS
Solar Industries India Ltd.,SOLARINDS
State Bank of India,SBIN
Steel Authority of India Ltd.,SAIL
Sun Pharmaceutical Industries Ltd.,SUNPHARMA
Supreme Industries Ltd.,SUPREMEIND
Suzlon Energy Ltd.,SUZLON
Swiggy Ltd.,SWIGGY
TVS Motor Company Ltd.,TVSMOTOR
Tata Capital Ltd.,TATACAP
Tata Communications Ltd.,TATACOMM
Tata Consultancy Services Ltd.,TCS
Tata Consumer Products Ltd.,TATACONSUM
Tata Motors Ltd.,TMCV
Tata Motors Passenger Vehicles Ltd.,TMPV
Tata Power Co. Ltd.,TATAPOWER
Tata Steel Ltd.,TATASTEEL
Tech Mahindra Ltd.,TECHM
Titan Company Ltd.,TITAN
Torrent Pharmaceuticals Ltd.,TORNTPHARM
Trent Ltd.,TRENT
Tube Investments of India Ltd.,TIINDIA
UPL Ltd.,UPL
UltraTech Cement Ltd.,ULTRACEMCO
Union Bank of India,UNIONBANK
United Spirits Ltd.,UNITDSPR
Varun Beverages Ltd.,VBL
Vedanta Aluminium Metal Ltd.,VAML
Vedanta Ltd.,VEDL
Vishal Mega Mart Ltd.,VMM
Vodafone Idea Ltd.,IDEA
Voltas Ltd.,VOLTAS
Waaree Energies Ltd.,WAAREEENER
Wipro Ltd.,WIPRO
Yes Bank Ltd.,YESBANK
Zydus Lifesciences Ltd.,ZYDUSLIFE
